City,Cloudiness,Country,Date,Humidity,Lat,Lng,Max Temp,Wind Speed
mar del plata,0.0,AR,1573486765.0,45.0,-46.43,-67.52,18.06,2.71
tiksi,100.0,RU,1573486766.0,91.0,71.64,128.87,-18.45,2.49
hermanus,100.0,ZA,1573486766.0,81.0,-34.42,19.24,21.11,2.68
qaanaaq,0.0,GL,1573486766.0,52.0,77.48,-69.36,-15.0,2.25
bredasdorp,79.0,ZA,1573486766.0,77.0,-34.53,20.04,21.11,8.2
mahebourg,75.0,MU,1573486767.0,78.0,-20.41,57.7,26.0,3.6
tuktoyaktuk,90.0,CA,1573486767.0,92.0,69.44,-133.03,-3.0,10.3
lompoc,90.0,US,1573486551.0,100.0,34.64,-120.46,14.44,1.5
goure,100.0,NE,1573486514.0,11.0,13.98,10.27,35.0,0.89
norman wells,75.0,CA,1573486498.0,84.0,65.28,-126.83,-15.0,1.0
buribay,49.0,RU,1573486768.0,82.0,51.96,58.16,-0.34,2.42
yellowknife,40.0,CA,1573486509.0,78.0,62.45,-114.38,-9.44,1.0
rikitea,100.0,PF,1573486768.0,92.0,-23.12,-134.97,22.02,11.2
thompson,20.0,CA,1573486768.0,67.0,55.74,-97.86,-32.0,1.66
borogontsy,100.0,RU,1573486769.0,98.0,62.67,131.17,-26.79,2.21
hay river,20.0,CA,1573486769.0,71.0,60.82,-115.79,-15.0,3.6
carnarvon,0.0,ZA,1573486769.0,10.0,-30.97,22.13,28.18,9.14
mataura,67.0,NZ,1573486769.0,85.0,-46.19,168.86,5.56,1.79
paka,100.0,CF,1573486770.0,54.0,4.15,15.03,29.21,0.91
vaini,20.0,IN,1573486770.0,73.0,15.34,74.49,23.0,2.1
terrace,90.0,CA,1573486770.0,92.0,54.52,-128.61,-0.57,6.7
tadine,11.0,NC,1573486770.0,76.0,-21.55,167.88,18.66,3.47
mount gambier,90.0,AU,1573486514.0,81.0,-37.83,140.78,11.0,6.7
bluff,90.0,AU,1573486771.0,71.0,-23.58,149.07,19.53,3.16
alta floresta,100.0,BR,1573486771.0,95.0,-9.87,-56.08,22.62,1.0
kiunga,100.0,PG,1573486771.0,99.0,-6.12,141.3,22.72,1.25
half moon bay,90.0,US,1573486608.0,100.0,37.46,-122.43,12.78,2.1
katobu,1.0,ID,1573486772.0,83.0,-4.94,122.53,24.39,1.59
jamestown,8.0,AU,1573486718.0,92.0,-33.21,138.6,12.06,6.22
esperance,90.0,AU,1573486498.0,71.0,-33.86,121.89,12.0,2.1
salalah,20.0,OM,1573486772.0,61.0,17.01,54.1,27.0,1.5
butaritari,19.0,KI,1573486506.0,74.0,3.07,172.79,28.29,2.19
bulembu,75.0,SZ,1573486773.0,78.0,-25.95,31.13,22.0,1.0
ushuaia,75.0,AR,1573486773.0,81.0,-54.81,-68.31,11.0,10.8
egvekinot,99.0,RU,1573486774.0,92.0,66.32,-179.17,-6.67,6.35
dondo,40.0,MZ,1573486774.0,78.0,-19.62,34.74,27.0,7.7
itupiranga,40.0,BR,1573486774.0,59.0,-5.13,-49.33,33.0,3.1
albany,90.0,US,1573486774.0,74.0,42.65,-73.75,7.22,3.6
rocha,44.0,UY,1573486646.0,64.0,-34.48,-54.34,20.08,5.47
ponta do sol,1.0,BR,1573486775.0,43.0,-20.63,-46.0,31.5,1.15
kapaa,90.0,US,1573486504.0,88.0,22.08,-159.32,23.0,2.6
fort nelson,40.0,CA,1573486685.0,76.0,58.81,-122.69,-21.0,2.1
ketchikan,90.0,US,1573486520.0,87.0,55.34,-131.65,6.0,3.6
camapua,100.0,BR,1573486776.0,61.0,-19.53,-54.04,27.06,1.06
punta arenas,40.0,CL,1573486776.0,58.0,-53.16,-70.91,14.0,9.8
rovaniemi,90.0,FI,1573486776.0,92.0,66.5,25.72,-7.0,6.7
charters towers,66.0,AU,1573486776.0,83.0,-20.07,146.27,19.36,5.01
thoen,0.0,TH,1573486777.0,96.0,17.61,99.22,21.28,0.75
hobart,75.0,AU,1573486750.0,71.0,-42.88,147.33,13.0,6.7
mattru,56.0,SL,1573486777.0,56.0,7.62,-11.83,32.56,2.38
gat,67.0,SN,1573486778.0,20.0,14.69,-16.54,37.0,3.6
port elizabeth,1.0,US,1573486778.0,58.0,39.31,-74.98,15.56,2.6
temiscaming,90.0,CA,1573486778.0,84.0,46.72,-79.1,-8.89,4.1
ilulissat,40.0,GL,1573486779.0,32.0,69.22,-51.1,4.0,13.4
tura,98.0,RU,1573486779.0,94.0,64.27,100.22,-27.72,1.77
ribeira grande,20.0,PT,1573486779.0,72.0,38.52,-28.7,20.0,2.6
la rioja,100.0,AR,1573486780.0,55.0,-29.41,-66.86,22.16,3.1
nokaneng,75.0,BW,1573486780.0,28.0,-19.66,22.19,31.84,2.49
cape town,75.0,ZA,1573486780.0,72.0,-33.93,18.42,22.22,4.6
hasaki,20.0,JP,1573486780.0,100.0,35.73,140.83,10.0,0.5
irtyshskiy,100.0,RU,1573486781.0,93.0,58.33,68.13,-4.34,6.03
panjab,85.0,AF,1573486781.0,21.0,34.38,67.02,-2.03,2.3
airai,1.0,TL,1573486781.0,79.0,-8.93,125.41,19.28,1.11
fatehpur,100.0,PK,1573486781.0,21.0,31.18,71.21,24.14,2.05
cherskiy,100.0,RU,1573486782.0,70.0,68.75,161.3,-3.09,1.88
calama,100.0,CL,1573486782.0,11.0,-22.46,-68.93,23.0,2.6
saskylakh,100.0,RU,1573486782.0,98.0,71.97,114.09,-21.59,1.47
bhadrachalam,0.0,IN,1573486782.0,85.0,17.67,80.89,22.48,0.98
bethel,90.0,US,1573486783.0,80.0,60.79,-161.76,4.0,3.6
saurimo,26.0,AO,1573486783.0,81.0,-9.66,20.4,24.85,2.22
dudinka,75.0,RU,1573486783.0,84.0,69.41,86.18,-13.0,4.0
akim swedru,100.0,GH,1573486783.0,40.0,5.89,-1.02,33.78,0.4
hobyo,70.0,SO,1573486515.0,65.0,5.35,48.53,26.48,7.16
codrington,75.0,AU,1573486784.0,87.0,-28.95,153.24,20.0,0.88
saldanha,100.0,PT,1573486784.0,56.0,41.42,-6.55,13.97,4.74
busselton,0.0,AU,1573486784.0,35.0,-33.64,115.35,14.44,9.22
hendaye,90.0,FR,1573486784.0,58.0,43.37,-1.77,14.0,6.2
bang saphan,82.0,TH,1573486785.0,80.0,11.21,99.51,25.12,1.98
alihe,0.0,CN,1573486785.0,47.0,50.57,123.73,-11.44,5.05
castro,9.0,CL,1573486785.0,72.0,-42.48,-73.76,18.0,3.1
souillac,20.0,FR,1573486785.0,71.0,45.6,-0.6,11.0,4.1
barrow,100.0,AR,1573486786.0,38.0,-38.31,-60.23,25.65,7.68
georgetown,75.0,GY,1573486497.0,70.0,6.8,-58.16,33.0,5.1
ugoofaaru,16.0,MV,1573486786.0,68.0,5.67,73.0,28.29,2.42
kaya,58.0,NG,1573486786.0,12.0,13.31,12.68,36.37,5.44
vardo,1.0,US,1573486787.0,44.0,39.62,-77.74,16.11,1.5
port alfred,99.0,ZA,1573486787.0,96.0,-33.59,26.89,17.78,3.58
antanifotsy,78.0,MG,1573486787.0,74.0,-19.66,47.32,19.56,1.49
kodiak,90.0,US,1573486788.0,85.0,39.95,-94.76,-7.0,11.3
atuona,58.0,PF,1573486494.0,71.0,-9.8,-139.03,26.24,2.99
sao joao da barra,40.0,BR,1573486788.0,58.0,-21.64,-41.05,31.0,4.1
provideniya,100.0,RU,1573486788.0,98.0,64.42,-173.23,-0.82,5.36
adrar,91.0,DZ,1573486788.0,30.0,27.87,-0.29,21.0,7.2
talnakh,75.0,RU,1573486789.0,84.0,69.49,88.39,-13.0,4.0
puerto cabezas,75.0,NI,1573486789.0,83.0,14.04,-83.39,29.0,2.1
goderich,100.0,CA,1573486789.0,95.0,43.74,-81.71,-1.67,0.45
warrington,75.0,GB,1573486789.0,76.0,53.39,-2.59,9.0,12.9
dubti,0.0,ET,1573486790.0,36.0,11.74,41.09,30.77,8.41
plettenberg bay,0.0,ZA,1573486790.0,78.0,-34.05,23.37,20.48,12.13
pevek,79.0,RU,1573486790.0,76.0,69.7,170.27,-10.19,0.95
bandarbeyla,0.0,SO,1573486790.0,72.0,9.49,50.81,26.47,7.24
mastic beach,75.0,US,1573486791.0,82.0,40.77,-72.85,16.67,5.7
ust-nera,100.0,RU,1573486791.0,98.0,64.57,143.24,-22.44,0.81
mustvee,90.0,EE,1573486791.0,93.0,58.85,26.93,3.33,5.1
new norfolk,75.0,AU,1573486792.0,71.0,-42.78,147.06,13.0,6.7
longyearbyen,90.0,NO,1573486792.0,97.0,78.22,15.63,0.0,11.3
porbandar,0.0,IN,1573486792.0,70.0,21.64,69.61,27.12,4.09
araouane,0.0,ML,1573486793.0,7.0,18.9,-3.53,29.6,6.35
hithadhoo,28.0,MV,1573486793.0,73.0,-0.6,73.08,28.65,3.92
hilo,1.0,US,1573486793.0,68.0,19.71,-155.08,22.0,2.6
tasiilaq,80.0,GL,1573486794.0,74.0,65.61,-37.64,3.0,14.9
victoria,75.0,BN,1573486794.0,74.0,5.28,115.24,29.0,2.6
faridpur,20.0,BD,1573486794.0,83.0,23.6,89.84,25.0,0.71
lagoa,40.0,PT,1573486794.0,68.0,37.14,-8.45,21.11,7.2
udachnyy,100.0,RU,1573486520.0,74.0,66.42,112.4,-31.0,2.0
kenai,1.0,US,1573486511.0,86.0,60.55,-151.26,2.22,2.6
saint-philippe,90.0,CA,1573486795.0,62.0,45.36,-73.48,-3.0,3.6
lebu,100.0,ET,1573486795.0,57.0,8.96,38.73,16.03,3.92
vanavara,71.0,RU,1573486796.0,96.0,60.35,102.28,-27.16,2.17
bow island,5.0,CA,1573486796.0,83.0,49.87,-111.38,-17.22,2.1
chuy,59.0,UY,1573486796.0,64.0,-33.69,-53.46,20.42,5.65
varnsdorf,40.0,CZ,1573486797.0,86.0,50.91,14.62,3.33,7.2
beyla,31.0,GN,1573486797.0,46.0,8.69,-8.65,30.53,2.21
brownfield,90.0,US,1573486797.0,64.0,33.18,-102.27,2.0,13.4
chokurdakh,51.0,RU,1573486798.0,96.0,70.62,147.9,-20.01,0.5
puerto ayora,75.0,EC,1573486798.0,64.0,-0.74,-90.35,24.0,3.6
nueva loja,90.0,EC,1573486798.0,100.0,0.08,-76.88,23.0,2.6
aklavik,90.0,CA,1573486798.0,92.0,68.22,-135.01,-9.0,1.5
avarua,38.0,CK,1573486799.0,94.0,-21.21,-159.78,21.0,1.0
dumai,93.0,ID,1573486799.0,93.0,1.68,101.45,23.97,0.61
muisne,90.0,EC,1573486799.0,78.0,0.61,-80.02,27.0,4.1
eregli,21.0,TR,1573486799.0,40.0,37.51,34.05,15.6,1.19
fukue,40.0,JP,1573486800.0,63.0,35.03,136.69,18.0,8.2
port-cartier,75.0,CA,1573486800.0,62.0,50.03,-66.88,-5.57,3.1
rio gallegos,40.0,AR,1573486800.0,58.0,-51.62,-69.22,14.0,7.7
avera,1.0,US,1573486801.0,71.0,33.19,-82.53,16.11,2.32
castanos,75.0,MX,1573486801.0,59.0,26.78,-101.42,23.89,2.19
bambous virieux,75.0,MU,1573486802.0,78.0,-20.34,57.76,26.0,3.6
nikolskoye,75.0,RU,1573486802.0,93.0,59.7,30.79,4.44,2.0
tilichiki,100.0,RU,1573486803.0,95.0,60.47,166.1,-3.63,1.47
deggendorf,34.0,DE,1573486803.0,86.0,48.83,12.96,2.78,0.34
kruisfontein,87.0,ZA,1573486803.0,75.0,-34.0,24.73,19.79,10.42
itatiaia,87.0,BR,1573486803.0,85.0,-22.5,-44.56,24.23,1.94
mandalgovi,100.0,MN,1573486804.0,67.0,45.76,106.27,-3.01,3.61
kyaikkami,0.0,MM,1573486804.0,66.0,16.08,97.57,28.68,2.08
juan aldama,90.0,MX,1573486804.0,73.0,24.94,-107.82,26.67,2.1
salinopolis,49.0,BR,1573486805.0,79.0,-0.61,-47.36,27.62,7.61
road town,40.0,VG,1573486805.0,62.0,18.42,-64.62,31.0,4.6
dongzhen,0.0,CN,1573486805.0,75.0,43.33,129.73,-1.36,1.33
waipawa,100.0,NZ,1573486805.0,85.0,-39.94,176.59,9.44,1.11
cidreira,7.0,BR,1573486805.0,79.0,-30.17,-50.22,21.03,8.85
havre-saint-pierre,90.0,CA,1573486806.0,52.0,50.23,-63.6,-7.0,4.6
daru,100.0,PG,1573486806.0,81.0,-9.07,143.21,24.06,3.09
bubaque,100.0,GW,1573486806.0,50.0,11.28,-15.83,28.64,2.67
port hardy,90.0,CA,1573486806.0,93.0,50.7,-127.42,9.0,9.3
lewistown,90.0,US,1573486807.0,79.0,40.39,-90.15,-2.0,6.2
okato,100.0,NZ,1573486807.0,69.0,-39.19,173.88,9.44,4.47
pastavy,98.0,BY,1573486807.0,79.0,55.11,26.84,5.39,3.95
hamilton,90.0,CA,1573486521.0,92.0,43.26,-79.87,0.0,6.2
saint george,75.0,GR,1573486510.0,59.0,39.45,22.34,18.0,0.75
turbat,12.0,PK,1573486808.0,20.0,26.0,63.05,23.2,10.71
beboto,53.0,TD,1573486809.0,24.0,8.27,16.94,34.5,1.39
vila franca do campo,20.0,PT,1573486809.0,64.0,37.72,-25.43,21.0,3.1
saint anthony,1.0,US,1573486809.0,67.0,43.97,-111.68,-3.89,3.1
palauig,98.0,PH,1573486809.0,85.0,15.44,119.9,23.99,0.79
sao filipe,74.0,CV,1573486810.0,71.0,14.9,-24.5,25.05,7.54
tobol,90.0,SE,1573486810.0,100.0,59.83,12.54,1.0,2.24
gombong,2.0,ID,1573486810.0,78.0,-7.19,109.31,25.78,2.7
olovyannaya,0.0,RU,1573486811.0,46.0,50.94,115.59,-10.91,3.32
vestmannaeyjar,90.0,IS,1573486811.0,65.0,63.44,-20.27,1.0,1.5
riyadh,67.0,SA,1573486811.0,49.0,24.63,46.72,22.0,2.1
vitim,99.0,RU,1573486812.0,97.0,59.44,112.57,-21.19,2.01
takoradi,100.0,GH,1573486812.0,74.0,4.89,-1.75,28.48,5.75
khatanga,100.0,RU,1573486812.0,97.0,71.98,102.47,-16.79,2.06
sitka,100.0,US,1573486812.0,64.0,37.17,-99.65,-6.67,8.49
flinders,0.0,AU,1573486813.0,45.0,-34.58,150.85,20.56,2.68
diffa,58.0,NE,1573486813.0,12.0,13.32,12.61,36.37,5.44
buin,40.0,CL,1573486813.0,43.0,-33.73,-70.74,25.56,3.1
listvyanka,20.0,RU,1573486814.0,66.0,51.86,104.86,-12.0,6.0
teya,75.0,MX,1573486814.0,78.0,21.05,-89.07,30.0,3.1
lakes entrance,100.0,AU,1573486814.0,37.0,-37.88,147.99,22.78,8.09
roald,0.0,NO,1573486814.0,62.0,62.58,6.12,-3.0,1.5
nabire,100.0,ID,1573486814.0,77.0,-3.36,135.5,22.4,0.9
kavieng,100.0,PG,1573486815.0,74.0,-2.57,150.8,28.21,4.95
antofagasta,100.0,CL,1573486815.0,59.0,-23.65,-70.4,19.0,5.1
aykhal,78.0,RU,1573486815.0,74.0,65.95,111.51,-31.0,2.0
lebowakgomo,39.0,ZA,1573486816.0,36.0,-24.3,29.54,26.0,5.7
pangnirtung,90.0,CA,1573486816.0,68.0,66.15,-65.72,-4.0,2.7
bonito,99.0,BR,1573486816.0,40.0,-1.36,-47.3,34.99,3.75
naze,73.0,NG,1573486816.0,62.0,5.43,7.07,30.91,2.08
severo-kurilsk,65.0,RU,1573486817.0,86.0,50.68,156.12,-1.57,2.29
ajjampur,55.0,IN,1573486817.0,72.0,13.73,76.01,21.17,1.75
narsaq,75.0,GL,1573486525.0,90.0,60.91,-46.05,0.0,6.2
east london,90.0,ZA,1573486817.0,100.0,-33.02,27.91,18.0,7.2
westport,40.0,US,1573486750.0,58.0,41.14,-73.36,16.11,2.1
caravelas,0.0,BR,1573486818.0,45.0,-17.73,-39.27,32.78,4.77
siderno,75.0,IT,1573486818.0,59.0,38.28,16.3,20.0,3.6
nanortalik,98.0,GL,1573486819.0,70.0,60.14,-45.24,-0.46,9.02
genhe,0.0,CN,1573486819.0,74.0,50.78,121.52,-15.08,3.68
kem,100.0,UG,1573486819.0,37.0,2.68,33.77,29.42,4.57
klaksvik,100.0,FO,1573486820.0,69.0,62.23,-6.59,3.0,4.1
northam,0.0,AU,1573486820.0,30.0,-31.65,116.67,22.0,9.8
port lincoln,2.0,AU,1573486820.0,75.0,-34.72,135.86,11.53,7.94
tommot,100.0,RU,1573486820.0,97.0,58.97,126.27,-19.38,2.87
kahului,1.0,US,1573486821.0,73.0,20.89,-156.47,22.22,3.1
oranjemund,0.0,ZA,1573486821.0,54.0,-28.55,16.43,20.58,6.71
esik,90.0,KZ,1573486821.0,80.0,43.36,77.47,1.0,3.0
mendota,1.0,US,1573486821.0,63.0,36.75,-120.38,9.44,1.5
kaitangata,67.0,NZ,1573486821.0,76.0,-46.28,169.85,5.0,1.79
padang,100.0,ID,1573486822.0,96.0,-0.92,100.36,20.39,0.35
zonguldak,65.0,TR,1573486822.0,45.0,41.25,31.83,14.8,0.8
togur,13.0,RU,1573486822.0,85.0,58.36,82.83,-15.13,1.74
college,90.0,US,1573486822.0,73.0,64.86,-147.8,-6.0,0.88
matamoros,75.0,US,1573486823.0,69.0,25.87,-97.51,27.0,7.2
tuatapere,1.0,NZ,1573486823.0,85.0,-46.13,167.69,5.56,1.79
ancud,15.0,CL,1573486823.0,72.0,-41.87,-73.83,18.0,3.1
hualmay,90.0,PE,1573486824.0,59.0,-11.1,-77.61,22.81,3.85
oros,51.0,HU,1573486824.0,81.0,47.95,21.8,9.0,1.0
faanui,0.0,PF,1573486824.0,83.0,-16.48,-151.75,25.87,6.93
ormara,0.0,PK,1573486824.0,54.0,25.21,64.64,26.02,3.01
arraial do cabo,75.0,BR,1573486825.0,83.0,-22.97,-42.02,26.0,4.6
oregon,90.0,US,1573486589.0,92.0,42.01,-89.33,-6.0,7.7
la ronge,20.0,CA,1573486825.0,83.0,55.1,-105.3,-20.0,3.1
dikson,89.0,RU,1573486825.0,96.0,73.51,80.55,-14.32,2.94
nikolayevka,34.0,RU,1573486825.0,61.0,46.73,38.57,13.68,1.49
pacific grove,40.0,US,1573486826.0,87.0,36.62,-121.92,11.11,5.74
katsuura,40.0,JP,1573486826.0,55.0,33.93,134.5,17.0,5.1
upernavik,99.0,GL,1573486826.0,63.0,72.79,-56.15,-4.77,1.67
nsoko,83.0,ZA,1573486826.0,69.0,-27.07,31.93,25.8,3.32
ndioum,25.0,SN,1573486827.0,10.0,16.51,-14.65,37.41,4.04
komsomolskiy,93.0,RU,1573486827.0,96.0,67.55,63.78,-17.51,2.14
yuksekova,0.0,TR,1573486827.0,64.0,37.57,44.29,4.0,5.1
fairbanks,90.0,US,1573486588.0,73.0,64.84,-147.72,-6.67,0.69
tezu,21.0,IN,1573486828.0,89.0,27.93,96.16,18.8,1.01
georgiyevka,12.0,RU,1573486828.0,85.0,52.25,40.45,6.25,4.97
yulara,49.0,AU,1573486828.0,20.0,-25.24,130.99,30.0,7.7
merauke,78.0,ID,1573486828.0,88.0,-8.49,140.4,24.59,2.89
puerto colombia,40.0,CO,1573486829.0,74.0,10.99,-74.96,30.0,3.1
general roca,75.0,AR,1573486829.0,77.0,-39.03,-67.58,16.0,2.26
beringovskiy,100.0,RU,1573486829.0,97.0,63.05,179.32,0.96,9.4
khor,31.0,RU,1573486829.0,83.0,47.88,134.96,-2.39,4.84
nzerekore,34.0,GN,1573486830.0,47.0,7.76,-8.82,31.58,1.68
zhumadian,98.0,CN,1573486830.0,31.0,33.01,114.02,17.91,2.3
ekhabi,100.0,RU,1573486831.0,83.0,53.51,142.97,0.08,3.68
isla vista,90.0,US,1573486831.0,100.0,34.41,-119.86,14.44,1.78
kaeo,0.0,NZ,1573486831.0,100.0,-35.1,173.78,9.44,7.16
zhigansk,58.0,RU,1573486832.0,88.0,66.77,123.37,-30.15,3.41
kalanwali,62.0,IN,1573486832.0,26.0,29.83,74.98,20.25,0.68
coquimbo,90.0,CL,1573486832.0,87.0,-29.95,-71.34,23.89,3.6
gigmoto,100.0,PH,1573486833.0,74.0,13.78,124.39,27.47,8.37
nisia floresta,40.0,BR,1573486833.0,48.0,-6.09,-35.21,31.0,7.2
itumbiara,0.0,BR,1573486543.0,42.0,-18.41,-49.22,31.71,0.28
kamenka,5.0,MD,1573486833.0,75.0,48.03,28.7,10.56,2.1
lasa,0.0,CY,1573486833.0,57.0,34.92,32.53,25.0,2.6
hegang,0.0,CN,1573486834.0,64.0,47.34,130.28,-2.7,3.77
srednekolymsk,100.0,RU,1573486834.0,91.0,67.46,153.71,-18.15,2.02
wanaka,80.0,NZ,1573486834.0,93.0,-44.7,169.14,-2.25,1.94
wanning,75.0,AT,1573486835.0,93.0,48.64,13.53,2.78,5.1
shirdi,8.0,IN,1573486835.0,59.0,19.77,74.48,24.46,1.69
moose factory,1.0,CA,1573486835.0,71.0,51.26,-80.61,-15.0,4.6
buala,100.0,SB,1573486835.0,82.0,-8.15,159.59,25.96,1.4
kodinar,0.0,IN,1573486836.0,71.0,20.79,70.7,25.16,1.87
pisco,40.0,PE,1573486836.0,30.0,-13.71,-76.2,22.0,3.1
shimoda,0.0,JP,1573486836.0,82.0,34.7,138.93,12.22,0.45
dembi dolo,76.0,ET,1573486837.0,87.0,8.53,34.8,21.46,0.85
selenice,31.0,AL,1573486837.0,57.0,40.53,19.64,17.93,2.62
ahipara,0.0,NZ,1573486837.0,100.0,-35.17,173.16,9.44,8.69
tecoanapa,20.0,MX,1573486837.0,79.0,16.99,-99.26,29.0,0.77
marsh harbour,0.0,BS,1573486838.0,68.0,26.54,-77.06,25.16,7.12
porto velho,40.0,BR,1573486838.0,88.0,-8.75,-63.87,26.0,4.1
vao,100.0,EE,1573486838.0,87.0,59.1,26.19,3.37,2.47
utete,0.0,TZ,1573486838.0,73.0,-7.99,38.76,26.85,3.07
columbus,1.0,US,1573486669.0,47.0,32.46,-84.99,16.11,1.5
garden city,1.0,US,1573486642.0,100.0,43.62,-116.24,3.89,1.5
muros,40.0,ES,1573486839.0,76.0,42.77,-9.06,17.22,4.6
gamba,0.0,CN,1573486839.0,55.0,28.28,88.52,-1.35,1.12
yumen,100.0,CN,1573486840.0,36.0,40.29,97.04,3.58,7.76
brae,40.0,GB,1573486840.0,80.0,60.4,-1.35,5.0,8.2
hambantota,90.0,LK,1573486840.0,100.0,6.12,81.12,26.0,1.0
vytegra,100.0,RU,1573486840.0,98.0,61.01,36.45,3.9,2.83
calabozo,63.0,VE,1573486841.0,68.0,8.92,-67.43,29.24,3.93
cabo san lucas,75.0,MX,1573486841.0,57.0,22.89,-109.91,25.0,3.6
kovdor,99.0,RU,1573486841.0,97.0,67.56,30.47,-13.29,1.79
dingle,100.0,PH,1573486842.0,95.0,11.0,122.67,23.39,2.29
havelock,75.0,US,1573486842.0,45.0,34.88,-76.9,17.78,2.1
leningradskiy,100.0,RU,1573486842.0,95.0,69.38,178.42,-4.59,1.8
sangmelima,100.0,CM,1573486843.0,91.0,2.93,11.98,24.21,2.02
clyde river,90.0,CA,1573486843.0,92.0,70.47,-68.59,-11.0,12.9
puranpur,0.0,IN,1573486843.0,38.0,28.51,80.15,19.2,2.61
laguna,75.0,BZ,1573486843.0,94.0,16.17,-88.94,26.0,1.85
sola,98.0,TZ,1573486844.0,47.0,-3.17,33.8,26.04,3.15
santiago de cuba,40.0,CU,1573486844.0,65.0,20.03,-75.83,28.0,3.6
flores da cunha,99.0,BR,1573486844.0,63.0,-29.03,-51.18,23.33,2.68
fare,1.0,PF,1573486845.0,83.0,-16.7,-151.02,25.72,6.81
long xuyen,75.0,VN,1573486845.0,88.0,10.39,105.43,25.0,1.5
shache,0.0,CN,1573486845.0,14.0,38.42,77.24,7.73,3.4
almeirim,0.0,BR,1573486846.0,45.0,-1.53,-52.58,34.15,2.7
dunedin,93.0,NZ,1573486846.0,65.0,-45.87,170.5,8.33,9.83
palana,100.0,RU,1573486846.0,91.0,59.08,159.95,-2.78,2.01
strezhevoy,100.0,RU,1573486846.0,84.0,60.73,77.6,-15.0,5.0
vila,75.0,IT,1573486847.0,93.0,45.18,8.4,9.44,0.5
luena,88.0,AO,1573486847.0,74.0,-11.78,19.91,23.02,2.48
finschhafen,100.0,PG,1573486847.0,78.0,-6.6,147.85,25.25,5.46
carutapera,67.0,BR,1573486847.0,77.0,-1.2,-46.02,27.56,7.33
iguguno,65.0,TZ,1573486848.0,33.0,-4.57,34.63,28.27,6.05
acapulco,20.0,MX,1573486160.0,79.0,16.86,-99.88,29.0,0.16
kilmallock,40.0,IE,1573486848.0,81.0,52.4,-8.57,7.0,4.6
rawson,33.0,AR,1573486848.0,73.0,-43.3,-65.11,15.16,8.53
vega de alatorre,9.0,MX,1573486849.0,80.0,20.03,-96.65,24.85,1.72
igrim,100.0,RU,1573486849.0,95.0,63.19,64.42,-8.15,2.7
roma,75.0,IT,1573486801.0,93.0,41.89,12.48,14.0,1.5
humaita,90.0,AR,1573486849.0,60.0,-24.93,-65.37,27.0,4.1
gazanjyk,0.0,TM,1573486850.0,25.0,39.24,55.52,11.14,6.78
bilma,87.0,NE,1573486850.0,8.0,18.69,12.92,33.8,5.97
praia da vitoria,20.0,PT,1573486850.0,64.0,38.73,-27.07,22.0,1.76
langfang,100.0,CN,1573486850.0,81.0,39.51,116.7,13.33,2.88
maunabo,1.0,PR,1573486851.0,62.0,18.01,-65.9,31.11,4.1
atasu,60.0,KZ,1573486851.0,28.0,48.68,71.64,-2.75,2.19
leua,96.0,AO,1573486851.0,86.0,-11.65,20.45,21.85,2.81
puerto escondido,20.0,MX,1573486851.0,74.0,15.86,-97.07,27.0,2.6
namatanai,100.0,PG,1573486852.0,76.0,-3.66,152.44,27.37,4.23
auki,100.0,NG,1573486852.0,19.0,12.18,6.51,34.96,0.64
haines junction,88.0,CA,1573486852.0,71.0,60.75,-137.51,-14.46,1.84
yar-sale,100.0,RU,1573486852.0,95.0,66.83,70.83,-15.07,5.62
iqaluit,75.0,CA,1573486821.0,78.0,63.75,-68.52,-12.0,9.8
vilhena,100.0,BR,1573486853.0,93.0,-12.74,-60.15,23.55,1.08
isangel,3.0,VU,1573486853.0,76.0,-19.55,169.27,21.31,5.8
port blair,70.0,IN,1573486619.0,72.0,11.67,92.75,27.93,2.83
lasem,75.0,ID,1573486853.0,77.0,-6.99,112.52,26.43,2.07
marawi,100.0,PH,1573486685.0,88.0,8.0,124.29,25.0,1.34
margate,75.0,AU,1573486854.0,71.0,-43.03,147.26,13.0,6.7
qaqortoq,75.0,GL,1573486854.0,68.0,60.72,-46.03,0.0,6.2
dolgorukovo,0.0,RU,1573486854.0,84.0,52.32,38.35,6.81,5.59
tarauaca,100.0,BR,1573486855.0,89.0,-8.16,-70.77,24.39,0.59
pangkalanbuun,100.0,ID,1573486855.0,82.0,-2.68,111.62,25.18,1.43
san pedro,88.0,AR,1573486855.0,58.0,-33.68,-59.66,22.78,0.89
nantucket,1.0,US,1573486855.0,67.0,41.28,-70.1,14.44,4.6
labuhan,24.0,ID,1573486856.0,93.0,-2.54,115.51,23.28,0.96
samarai,100.0,PG,1573486856.0,87.0,-10.62,150.67,22.41,2.24
pueblo bello,40.0,CO,1573486856.0,74.0,8.2,-76.53,29.0,5.1
zheleznodorozhnyy,75.0,RU,1573486856.0,81.0,55.75,38.0,8.89,6.0
lac du bonnet,77.0,CA,1573486857.0,86.0,50.25,-96.06,-15.0,1.34
mezen,0.0,RU,1573486857.0,92.0,65.85,44.24,-12.75,3.61
poum,92.0,MK,1573486857.0,66.0,41.28,20.71,11.0,1.5
okha,100.0,RU,1573486858.0,83.0,53.59,142.95,0.08,3.68
havoysund,0.0,NO,1573486858.0,79.0,71.0,24.66,-5.0,2.6
san policarpo,100.0,PH,1573486858.0,83.0,12.18,125.51,26.39,5.04
cheremukhovo,87.0,RU,1573486859.0,92.0,56.23,46.23,1.75,3.4
atar,0.0,MR,1573486859.0,9.0,20.52,-13.05,30.2,6.93
pareora,100.0,NZ,1573486859.0,96.0,-44.49,171.21,7.78,0.66
imola,75.0,IT,1573486860.0,93.0,44.35,11.71,12.22,2.1
dourbali,65.0,TD,1573486860.0,10.0,11.81,15.86,36.81,2.63
worland,1.0,US,1573486860.0,91.0,44.02,-107.96,-11.67,2.38
guerrero negro,8.0,MX,1573486860.0,88.0,27.97,-114.04,17.56,2.42
coahuayana,97.0,MX,1573486860.0,90.0,18.62,-100.35,21.96,0.63
saldus,77.0,LV,1573486861.0,80.0,56.67,22.49,4.91,2.56
ambilobe,99.0,MG,1573486861.0,78.0,-13.19,49.05,26.5,1.67
veraval,48.0,FR,1573486861.0,75.0,49.65,0.71,8.33,4.1
sabzevar,0.0,IR,1573486862.0,20.0,36.21,57.68,12.0,5.1
srimushnam,44.0,IN,1573486862.0,80.0,11.4,79.42,25.04,2.45
dunmore east,40.0,IE,1573486862.0,81.0,52.15,-6.99,8.33,5.1
abu kamal,53.0,SY,1573486862.0,23.0,34.45,40.92,21.52,2.47
tigil,96.0,RU,1573486863.0,97.0,57.8,158.67,-1.94,1.95
las matas de farfan,30.0,DO,1573486863.0,66.0,18.87,-71.52,26.31,1.39
bonthe,47.0,SL,1573486863.0,67.0,7.53,-12.5,29.85,4.44
chimore,100.0,BO,1573486864.0,54.0,-16.98,-65.13,29.02,1.78
lavrentiya,99.0,RU,1573486864.0,89.0,65.58,-170.99,-1.66,7.21
kargasok,90.0,RU,1573486864.0,79.0,59.06,80.87,-14.42,3.32
bathsheba,40.0,BB,1573486864.0,66.0,13.22,-59.52,31.0,8.7
lae,100.0,PG,1573486865.0,96.0,-6.72,146.98,17.02,0.63
kavaratti,2.0,IN,1573486865.0,75.0,10.57,72.64,27.58,2.38
arman,91.0,RU,1573486865.0,62.0,59.7,150.17,-5.33,2.87
anadyr,75.0,RU,1573486866.0,86.0,64.73,177.51,1.0,4.0
marzuq,0.0,YE,1573486866.0,26.0,14.4,46.47,25.11,4.81
north bend,1.0,US,1573486867.0,100.0,43.41,-124.22,12.22,2.6
tromso,0.0,NO,1573486867.0,92.0,69.65,18.96,-11.0,9.3
garmsar,0.0,IR,1573486868.0,19.0,35.22,52.34,15.28,1.56
teocuitatlan de corona,20.0,MX,1573486868.0,72.0,20.09,-103.38,20.56,0.31
salta,90.0,AR,1573486661.0,60.0,-24.79,-65.41,27.0,4.1
grand gaube,75.0,MU,1573486869.0,78.0,-20.01,57.66,26.0,3.6
la arena,69.0,PE,1573486869.0,59.0,-5.35,-80.71,24.31,2.01
johnstown,90.0,US,1573486869.0,66.0,40.33,-78.92,12.22,1.5
solnechnyy,100.0,RU,1573486870.0,97.0,50.72,136.64,-3.0,0.43
sarakhs,0.0,TM,1573486870.0,32.0,36.54,61.16,12.0,2.1
sur,100.0,OM,1573486870.0,40.0,22.57,59.53,25.22,6.17
khani,69.0,GE,1573486871.0,66.0,41.96,42.96,13.0,1.0
aquiraz,20.0,BR,1573486871.0,55.0,-3.9,-38.39,31.0,8.2
makat,0.0,KZ,1573486871.0,56.0,47.65,53.35,6.77,6.48
hami,100.0,CN,1573486872.0,29.0,42.84,93.51,5.06,3.19
launceston,90.0,AU,1573486838.0,81.0,-41.43,147.14,12.78,2.1
nola,98.0,CF,1573486873.0,83.0,3.52,16.05,26.3,1.38
birao,0.0,CF,1573486873.0,20.0,10.3,22.78,31.97,3.07
banda aceh,100.0,ID,1573486873.0,91.0,5.56,95.32,23.71,0.92
kabarnet,75.0,KE,1573486873.0,64.0,0.5,35.74,20.0,2.6
sinop,4.0,TR,1573486874.0,61.0,42.03,35.15,17.37,1.27
belyy yar,40.0,RU,1573486874.0,71.0,53.6,91.39,-14.0,3.0
huilong,100.0,CN,1573486874.0,76.0,31.15,106.5,16.31,1.49
bilibino,100.0,RU,1573486874.0,76.0,68.06,166.44,-4.04,1.7
hals,75.0,AT,1573486875.0,93.0,48.59,13.46,2.78,5.1
singkang,75.0,MY,1573486875.0,83.0,2.1,102.8,27.0,0.28
karachi,0.0,PK,1573486875.0,57.0,24.87,67.03,24.0,3.83
wum,38.0,CM,1573486876.0,82.0,6.39,10.08,24.06,1.08
constitucion,75.0,MX,1573486876.0,66.0,23.99,-104.67,18.33,1.0
ojinaga,40.0,US,1573486876.0,77.0,29.56,-104.41,20.0,0.37
puerto del rosario,20.0,ES,1573486877.0,60.0,28.5,-13.86,24.0,13.4
mecca,0.0,SA,1573486877.0,57.0,21.43,39.83,28.3,3.17
artesianon,75.0,GR,1573486877.0,59.0,39.4,21.89,18.0,1.0
bulgan,100.0,MN,1573486877.0,92.0,48.81,103.53,-14.32,5.68
morada nova,37.0,BR,1573486878.0,24.0,-5.1,-38.37,37.4,3.38
lukulu,78.0,ZM,1573486878.0,44.0,-14.38,23.24,29.28,3.57
cayenne,54.0,GF,1573486613.0,55.0,4.94,-52.33,32.0,4.6
moerai,0.0,PF,1573486879.0,76.0,-22.43,-151.33,22.61,7.69
gibsons,90.0,CA,1573486879.0,93.0,49.4,-123.51,7.78,2.2
dwarka,20.0,IN,1573486880.0,49.0,28.58,77.04,21.0,2.35
itapetinga,16.0,BR,1573486880.0,37.0,-15.25,-40.25,32.97,2.88
nyurba,100.0,RU,1573486880.0,93.0,63.29,118.35,-24.16,2.09
gorontalo,21.0,ID,1573486881.0,93.0,0.54,123.06,23.91,1.64
amapa,40.0,HN,1573486881.0,78.0,15.09,-87.97,27.0,0.88
astaneh-ye ashrafiyeh,0.0,IR,1573486881.0,93.0,37.26,49.94,13.0,4.38
pilar,75.0,AR,1573486753.0,64.0,-34.46,-58.91,23.89,5.1
den helder,75.0,NL,1573486744.0,93.0,52.96,4.76,7.22,7.7
zurrieq,75.0,MT,1573486882.0,77.0,35.83,14.47,19.0,12.9
guarapari,11.0,BR,1573486882.0,55.0,-20.67,-40.5,32.0,7.7
gidam,18.0,IN,1573486883.0,80.0,18.98,81.4,20.53,2.0
ostrovnoy,87.0,RU,1573486883.0,84.0,68.05,39.51,-6.48,2.95
mehamn,0.0,NO,1573486883.0,83.0,71.03,27.85,-5.4,3.13
barstow,90.0,US,1573486884.0,62.0,31.46,-103.39,13.0,10.3
harper,90.0,US,1573486884.0,88.0,30.3,-99.24,18.89,2.6
sire,62.0,ET,1573486884.0,30.0,8.28,39.49,23.87,5.96
torbay,90.0,CA,1573486884.0,75.0,47.66,-52.73,6.67,7.7
uchaly,91.0,RU,1573486885.0,83.0,54.32,59.38,-2.54,1.85
kurilsk,100.0,RU,1573486885.0,88.0,45.23,147.88,7.0,8.39
zima,49.0,RU,1573486885.0,71.0,53.93,102.05,-13.66,3.68
copainala,40.0,MX,1573486886.0,78.0,17.08,-93.2,23.0,1.5
tashtagol,100.0,RU,1573486886.0,95.0,52.76,87.85,-13.15,0.43
houston,90.0,US,1573486641.0,77.0,29.76,-95.37,22.22,3.31
taltal,100.0,CL,1573486887.0,64.0,-25.41,-70.49,18.25,3.25
nichinan,0.0,JP,1573486887.0,76.0,31.65,131.31,12.78,3.58
kieta,100.0,PG,1573486887.0,78.0,-6.22,155.63,26.27,3.77
great yarmouth,20.0,GB,1573486888.0,81.0,52.61,1.73,7.78,6.2
port shepstone,100.0,ZA,1573486888.0,96.0,-30.74,30.45,18.17,5.41
qesarya,0.0,IL,1573486888.0,20.0,32.52,34.9,28.89,2.6
statesville,1.0,US,1573486888.0,62.0,35.78,-80.89,16.11,3.6
maniitsoq,100.0,GL,1573486889.0,65.0,65.42,-52.9,2.16,6.59
athens,20.0,GR,1573486820.0,73.0,37.98,23.73,21.11,2.31
geraldton,75.0,CA,1573486889.0,64.0,49.72,-86.95,-18.0,5.1
smithers,90.0,CA,1573486889.0,67.0,54.78,-127.17,-5.0,5.1
azoyu,0.0,MX,1573486890.0,71.0,16.72,-98.73,28.36,1.21
longonjo,100.0,AO,1573486890.0,80.0,-12.91,15.25,20.24,3.3
kardla,90.0,EE,1573486890.0,93.0,58.44,26.57,3.33,5.1
griffith,0.0,AU,1573486891.0,30.0,-34.29,146.06,18.89,0.45
verkhnyaya inta,81.0,RU,1573486891.0,91.0,65.99,60.32,-13.5,2.06
sao felix do xingu,31.0,BR,1573486891.0,52.0,-6.64,-51.99,33.98,1.21
la poza,75.0,MX,1573486891.0,60.0,29.19,-110.62,23.89,0.87
navoi,75.0,IT,1573486892.0,100.0,46.17,11.83,10.0,3.1
polunochnoye,100.0,RU,1573486892.0,97.0,60.87,60.43,2.25,2.73
adeje,99.0,NG,1573486892.0,73.0,5.68,5.76,29.4,2.52
thinadhoo,59.0,MV,1573486893.0,71.0,0.53,72.93,28.66,3.09
moree,0.0,AU,1573486893.0,24.0,-29.46,149.84,15.0,2.6
loa janan,38.0,ID,1573486893.0,98.0,-0.58,117.09,23.5,0.72
belaya gora,93.0,RU,1573486894.0,96.0,68.54,146.19,-20.84,0.37
namibe,0.0,AO,1573486894.0,80.0,-15.19,12.15,23.8,4.52
sechura,73.0,PE,1573486894.0,90.0,-5.56,-80.82,18.35,2.93
iki-burul,90.0,RU,1573486894.0,100.0,45.82,44.65,6.0,1.0
anapskaya,75.0,RU,1573486895.0,93.0,44.9,37.38,15.0,2.0
lloydminster,5.0,CA,1573486668.0,83.0,53.28,-110.01,-21.0,4.6
alta gracia,40.0,AR,1573486895.0,47.0,-31.66,-64.43,28.89,7.2
nelson,56.0,CA,1573486896.0,78.0,49.49,-117.29,-4.84,0.83
huarmey,80.0,PE,1573486896.0,52.0,-10.07,-78.15,24.91,3.54
mora,100.0,PT,1573486896.0,83.0,38.94,-8.17,17.22,6.05
eureka,90.0,US,1573486896.0,93.0,40.8,-124.16,8.33,2.1
tsiroanomandidy,69.0,MG,1573486897.0,36.0,-18.77,46.05,30.25,2.18
haradok,90.0,BY,1573486897.0,93.0,55.46,29.99,6.0,7.0
katsina,100.0,NG,1573486897.0,16.0,12.99,7.6,35.18,0.34
oussouye,97.0,SN,1573486898.0,62.0,12.49,-16.54,33.0,3.1
hauterive,1.0,CA,1573486898.0,62.0,49.18,-68.27,-3.89,5.7
kupang,20.0,ID,1573486898.0,83.0,-10.16,123.6,26.0,2.1
faya,75.0,SA,1573486899.0,72.0,18.39,42.45,19.0,2.1
vostok,98.0,RU,1573486899.0,95.0,46.45,135.83,-1.89,3.79
sorland,40.0,NO,1573486900.0,69.0,67.67,12.69,1.0,11.3
prieska,0.0,ZA,1573486900.0,11.0,-29.67,22.74,31.92,9.83
benguela,83.0,AO,1573486900.0,81.0,-12.58,13.4,26.98,3.65
diapaga,100.0,BF,1573486900.0,15.0,12.07,1.79,37.42,2.39
xining,27.0,CN,1573486900.0,55.0,36.62,101.77,1.83,4.22
pudozh,100.0,RU,1573486901.0,98.0,61.81,36.54,2.74,2.63
dongli,0.0,CN,1573486901.0,77.0,24.18,117.61,18.0,3.0
soyo,58.0,AO,1573486901.0,75.0,-6.13,12.37,28.37,4.64
kasempa,80.0,ZM,1573486901.0,31.0,-13.46,25.83,30.99,1.62
mana,100.0,NG,1573486902.0,13.0,13.03,5.27,36.75,0.73
izhma,62.0,RU,1573486902.0,96.0,65.01,53.91,-11.23,2.18
pachino,40.0,IT,1573486690.0,87.0,36.72,15.09,12.0,6.7
shubarkuduk,10.0,KZ,1573486903.0,89.0,49.15,56.49,1.81,4.68
hinton,33.0,CA,1573486903.0,79.0,53.4,-117.57,-13.04,4.0
magadan,48.0,RU,1573486904.0,63.0,59.56,150.8,-6.32,4.86
kensington,90.0,CA,1573486904.0,74.0,46.44,-63.64,2.0,4.1
vermillion,1.0,US,1573486861.0,66.0,42.78,-96.93,-8.89,10.3
marica,90.0,BR,1573486810.0,100.0,-22.92,-42.82,25.0,7.7
ocho rios,20.0,JM,1573486905.0,58.0,18.41,-77.1,31.0,2.1
eydhafushi,19.0,MV,1573486905.0,67.0,5.1,73.07,28.45,2.41
mazeikiai,77.0,LT,1573486905.0,80.0,56.32,22.33,4.91,2.56
hofn,90.0,IS,1573486905.0,75.0,64.25,-15.21,5.0,12.9
nioki,100.0,CD,1573486905.0,94.0,-2.72,17.69,23.95,0.78
port hedland,0.0,AU,1573486906.0,78.0,-20.31,118.58,25.0,3.6
spokane,1.0,US,1573486906.0,86.0,47.66,-117.42,0.0,1.5
shingu,0.0,JP,1573486906.0,66.0,33.72,135.99,16.75,7.65
kununurra,0.0,AU,1573486907.0,47.0,-15.77,128.74,27.0,0.5
vila velha,20.0,BR,1573486907.0,55.0,-3.71,-38.6,31.0,8.2
halden,90.0,SE,1573486907.0,92.0,59.12,11.39,-1.11,3.1
kudahuvadhoo,2.0,MV,1573486908.0,69.0,2.67,72.89,28.25,1.1
cacapava do sul,98.0,BR,1573486908.0,73.0,-30.51,-53.49,21.55,5.25
nara,75.0,JP,1573486908.0,63.0,34.68,135.8,17.0,7.7
williams lake,75.0,CA,1573486909.0,92.0,52.13,-122.14,-6.0,2.1
dodge city,90.0,US,1573486881.0,67.0,37.75,-100.02,-5.57,13.9
lufilufi,30.0,WS,1573486909.0,94.0,-13.87,-171.6,22.78,1.79
wanxian,100.0,CN,1573486909.0,62.0,30.8,108.39,15.18,1.03
pustoshka,100.0,RU,1573486910.0,88.0,56.34,29.37,5.3,4.67
antalaha,83.0,MG,1573486910.0,75.0,-14.9,50.28,25.83,7.81
hrusovany nad jevisovkou,90.0,CZ,1573486910.0,87.0,48.83,16.4,8.0,4.6
camacha,75.0,PT,1573486911.0,64.0,33.08,-16.33,21.0,7.7
ahuimanu,1.0,US,1573486911.0,88.0,21.44,-157.84,23.0,1.34
manzanillo,40.0,MX,1573486911.0,79.0,19.05,-104.32,30.0,2.6
barra patuca,98.0,HN,1573486911.0,80.0,15.8,-84.28,27.0,5.32
machico,40.0,PT,1573486912.0,64.0,32.7,-16.77,21.11,4.6
ovalle,33.0,CL,1573486912.0,45.0,-30.6,-71.2,22.12,3.62
gra liyia,20.0,GR,1573486912.0,78.0,35.02,25.68,23.0,2.32
rio do sul,100.0,BR,1573486912.0,1.0,-27.22,-49.64,22.78,1.65
colares,75.0,PT,1573486913.0,82.0,38.8,-9.45,19.0,7.2
zyryanka,100.0,RU,1573486913.0,96.0,65.73,150.89,-18.29,4.7
ivankiv,100.0,UA,1573486913.0,76.0,50.93,29.9,10.0,4.0
vanimo,87.0,PG,1573486914.0,76.0,-2.67,141.3,26.86,4.94
itaituba,20.0,BR,1573486914.0,63.0,-4.26,-55.99,33.0,4.1
xuanhua,100.0,CN,1573486915.0,49.0,40.61,115.04,6.14,2.54
bandar,40.0,BD,1573486915.0,94.0,22.29,91.78,25.0,1.5
van,0.0,TR,1573486915.0,60.0,38.51,43.37,5.0,2.1
anton lizardo,5.0,MX,1573486915.0,83.0,19.05,-95.98,26.0,0.33
dalhousie,1.0,CA,1573486916.0,53.0,48.06,-66.37,-4.0,3.6
port macquarie,90.0,AU,1573486916.0,87.0,-31.43,152.91,15.0,1.0
whitehorse,90.0,CA,1573486638.0,84.0,60.72,-135.06,-14.0,1.0
nioro,100.0,GM,1573486917.0,11.0,13.79,-15.05,39.79,4.48
kabare,75.0,RW,1573486917.0,73.0,-1.65,29.38,22.0,5.1
vaitape,0.0,PF,1573486917.0,83.0,-16.52,-151.75,25.87,6.93
logrono,75.0,ES,1573486918.0,76.0,42.47,-2.45,10.0,5.7
mugur-aksy,100.0,RU,1573486918.0,99.0,50.38,90.44,-25.43,1.75
mount isa,3.0,AU,1573486918.0,13.0,-20.73,139.49,21.0,2.1
chimbote,47.0,PE,1573486918.0,60.0,-9.08,-78.59,23.29,3.76
berlevag,5.0,NO,1573486919.0,79.0,70.86,29.09,-5.0,4.1
yenagoa,77.0,NG,1573486919.0,79.0,4.92,6.26,28.4,3.36
leshukonskoye,14.0,RU,1573486919.0,94.0,64.9,45.76,-10.07,2.64
baghdad,0.0,IQ,1573486816.0,35.0,33.3,44.38,21.0,1.0
saint-louis,60.0,SN,1573486919.0,16.0,16.03,-16.5,38.0,3.1
fort-shevchenko,42.0,KZ,1573486920.0,61.0,44.51,50.26,11.93,8.7
alice springs,0.0,AU,1573486921.0,8.0,-23.7,133.88,24.0,3.1
nador,40.0,MA,1573486896.0,77.0,35.17,-2.93,17.0,12.3
miri,89.0,NG,1573486921.0,21.0,10.31,9.75,34.83,3.0
dogondoutchi,100.0,NE,1573486921.0,14.0,13.64,4.03,37.05,2.71
nuuk,75.0,GL,1573486521.0,56.0,64.17,-51.74,5.0,10.3
amga,100.0,RU,1573486922.0,93.0,60.89,131.98,-23.46,2.33
